{"cameraMode":{"drawMode":0,"name":"Shaded","section":"Shading Mode"},"sceneLighting":false,"audioPlay":false,"sceneViewState":{"m_AlwaysRefresh":false,"showFog":true,"showSkybox":false,"showFlares":true,"showImageEffects":true,"showParticleSystems":true,"showVisualEffectGraphs":true,"m_FxEnabled":true},"in2DMode":false,"pivot":{"x":0.05870649218559265,"y":4.090267658233643,"z":-0.6220147013664246},"rotation":{"x":0.38499492406845095,"y":0.1741889864206314,"z":-0.07424186915159226,"w":0.9032909274101257},"size":4.403610706329346,"orthographic":true}